{
  "$schema": "https://schema.management.azure.com/schemas/2015-01-01/deploymentTemplate.json#",
  "contentVersion": "1.0.0.0",
  "parameters": {
    "vnetName": {
      "type": "string",
      "defaultValue": "az30301a-vnet",
      "metadata": {
        "description": "Virtual network name"
      }
    },
    "vmCount": {
      "type": "int",
      "defaultValue": 2,
      "minValue": 1,
      "maxValue": 3,
      "metadata": {
        "description": "Number of VMs to provision"
      }
    },
    "nicNamePrefix": {
      "type": "string",
      "defaultValue": "az30301a-nic",
      "metadata": {
        "description": "Network interface name prefix"
      }
    },
    "vmNamePrefix": {
      "type": "string",
      "defaultValue": "az30301a-vm",
      "metadata": {
        "description": "VM name prefix"
      }
    },
    "adminUsername": {
      "type": "string",
      "metadata": {
        "description": "Windows admin username"
      }
    },
    "adminPassword": {
      "type": "securestring",
      "metadata": {
        "description": "Windows admin password"
      }
    },
    "vmSize": {
      "type": "string",
      "defaultValue": "Standard_D2s_v3",
      "metadata": {
        "description": "VM size"
      }
    },
    "diskType": {
      "type": "string",
      "defaultValue": "Standard_LRS",
      "allowedValues": [
        "StandardSSD_LRS",
        "Standard_LRS",
        "Premium_LRS"
      ],
      "metadata": {
        "description": "disk storage type"
      }
    }
  },
  "variables": {
    "availabilitySetName": "az30301a-avset",
    "subnet0Name": "web",
    "vnetID": "[resourceId('Microsoft.Network/virtualNetworks',parameters('vnetName'))]",
    "subnetRef": "[concat(variables('vnetID'),'/subnets/',variables('subnet0Name'))]",
    "webNetworkSecurityGroupName": "az30301a-web-nsg",
    "lbname": "az30301a-lb",
    "lbrule1name": "az303001a-lbruletcp80",
    "lbbepoolname": "az30301a-bepool",
    "lbprobename": "az30301a-hp",
    "natruleNamePrefix": "[concat(parameters('nicNamePrefix'), '-rdp-')]",
    "lbId": "[resourceId('Microsoft.Network/loadBalancers', variables('lbName'))]",
    "frontEndIPConfigId": "[concat(variables('lbId'), '/frontendIPConfigurations/loadBalancerFrontend')]",
    "pipName": "az30301a-pip",
    "storageAccountName": "[concat('az30001a', uniqueString(subscription().subscriptionId))]",
    "storageAccountType": "Standard_LRS",
    "windowsImage": {
      "publisher": "MicrosoftWindowsServer",
      "offer": "WindowsServer",
      "sku": "2019-Datacenter-Core",
      "version": "latest"
    },
    "vmExtensionName": "customScriptExtension",
    "computeAPIVersion": "2019-07-01",
    "networkAPIVersion": "2019-11-01",
    "storageAPIVersion": "2019-06-01"
  },
  "resources": [
    {
      "type": "Microsoft.Storage/storageAccounts",
      "name": "[variables('storageAccountName')]",
      "apiVersion": "[variables('storageAPIVersion')]",
      "location": "[resourceGroup().location]",
      "sku": {
        "name": "[variables('storageAccountType')]"
      },
      "kind": "Storage",
      "properties": {}
    },
    {
      "type": "Microsoft.Compute/availabilitySets",
      "name": "[variables('availabilitySetName')]",
      "apiVersion": "[variables('computeApiVersion')]",
      "location": "[resourceGroup().location]",
      "sku": {
        "name": "Aligned"
      },
      "properties": {
        "platformFaultDomainCount": "2",
        "platformUpdateDomainCount": "5"
      }
    },
    {
      "type": "Microsoft.Network/publicIPAddresses",
      "name": "[variables('pipName')]",
      "apiVersion": "[variables('networkAPIVersion')]",
      "location": "[resourceGroup().location]",
      "sku": {
       "name": "Basic"
      },
      "properties": {
        "publicIPAddressVersion": "IPv4",
        "publicIPAllocationMethod": "Dynamic",
        "idleTimeoutInMinutes": 4
      }
    },
    {
      "name": "[variables('webNetworkSecurityGroupName')]",
      "type": "Microsoft.Network/networkSecurityGroups",
      "apiVersion": "[variables('networkAPIVersion')]",
      "location": "[resourceGroup().location]",
      "comments": "Network Security Group for the web subnet",
      "properties": {
        "securityRules": [
          {
            "name": "custom-allow-rdp",
            "properties": {
              "priority": 1000,
              "sourceAddressPrefix": "*",
              "protocol": "Tcp",
              "destinationPortRange": "3389",
              "access": "Allow",
              "direction": "Inbound",
              "sourcePortRange": "*",
              "destinationAddressPrefix": "*"
            }
          },
          {
            "name": "custom-allow-http",
            "properties": {
              "priority": 1100,
              "sourceAddressPrefix": "*",
              "protocol": "Tcp",
              "destinationPortRange": "80",
              "access": "Allow",
              "direction": "Inbound",
              "sourcePortRange": "*",
              "destinationAddressPrefix": "*"
            }
          }
        ]
      }
    },
    {
      "type": "Microsoft.Network/virtualNetworks",
      "name": "[parameters('vnetName')]",
      "apiVersion": "[variables('networkAPIVersion')]",
      "location": "[resourceGroup().location]",
      "dependsOn": [
        "[concat('Microsoft.Network/networkSecurityGroups/', variables('webNetworkSecurityGroupName'))]"
      ],
      "properties": {
        "addressSpace": {
          "addressPrefixes": [
            "10.1.0.0/22"
          ]
        },
        "subnets": [
          {
            "name": "[variables('subnet0Name')]",
            "properties": {
              "addressPrefix": "10.1.0.0/24",
              "networkSecurityGroup": {
                "id": "[resourceId('Microsoft.Network/networkSecurityGroups', variables('webNetworkSecurityGroupName'))]"
              }
            }
          }
        ]
      }
    },
    {
      "type": "Microsoft.Network/networkInterfaces",
      "name": "[concat(parameters('nicNamePrefix'), copyindex())]",
      "apiVersion": "[variables('networkAPIVersion')]",
      "location": "[resourceGroup().location]",
      "copy": {
        "name": "nicLoop",
        "count": "[parameters('vmCount')]"
      },
      "dependsOn": [
        "[resourceId('Microsoft.Network/virtualNetworks', parameters('vnetName'))]",
        "[resourceId('Microsoft.Network/loadBalancers', variables('lbname'))]",
        "lbNatLoop"
      ],
      "properties": {
        "ipConfigurations": [
          {
            "name": "ipconfig1",
            "properties": {
              "privateIPAllocationMethod": "Dynamic",
              "subnet": {
                "id": "[variables('subnetRef')]"
              },
              "loadBalancerBackendAddressPools": [
                {
                  "id": "[concat(resourceId('Microsoft.Network/loadBalancers', variables('lbname')), '/backendAddressPools/', variables('lbbepoolname'))]"
                }
              ],
              "loadBalancerInboundNatRules": [
                {
                  "id": "[concat(resourceId('Microsoft.Network/loadBalancers', variables('lbname')), '/inboundNatRules/', parameters('nicNamePrefix'), '-rdp-', copyindex())]"
                }
              ]
            }
          }
        ]
      }
    },
    {
      "type": "Microsoft.Network/loadBalancers",
      "name": "[variables('lbname')]",
      "apiVersion": "[variables('networkAPIVersion')]",
      "location": "[resourceGroup().location]",
      "dependsOn": [
        "[resourceId('Microsoft.Network/publicIPAddresses', variables('pipname'))]"
      ],
      "sku": {
        "name": "Basic"
      },
      "properties": {
        "frontendIPConfigurations": [
          {
            "name": "LoadBalancerFrontEnd",
            "properties": {
              "privateIPAllocationMethod": "Dynamic",
              "publicIPAddress": {
                "id": "[resourceId('Microsoft.Network/publicIPAddresses', variables('pipname'))]"
              },
              "privateIPAddressVersion": "IPv4"
            }
          }
        ],
        "backendAddressPools": [
          {
            "name": "[variables('lbbepoolname')]"
          }
        ],
        "loadBalancingRules": [
          {
            "name": "[variables('lbrule1name')]",
            "properties": {
              "frontendIPConfiguration": {
                "id": "[variables('frontEndIPConfigId')]"
              },
              "frontendPort": 80,
              "backendPort": 80,
              "enableFloatingIP": false,
              "idleTimeoutInMinutes": 4,
              "protocol": "Tcp",
              "enableTcpReset": false,
              "loadDistribution": "Default",
              "backendAddressPool": {
                "id": "[concat(resourceId('Microsoft.Network/loadBalancers', variables('lbname')), '/backendAddressPools/', variables('lbbepoolname'))]"
                },
              "probe": {
                "id": "[concat(resourceId('Microsoft.Network/loadBalancers', variables('lbname')), '/probes/', variables('lbprobename'))]"
              }
            }
          }
        ],
        "probes": [
            {
            "name": "[variables('lbprobename')]",
            "properties": {
                "protocol": "Tcp",
                "port": 80,
                "intervalInSeconds": 5,
                "numberOfProbes": 2
            }
          }
        ]
      }
    },
    {
      "type": "Microsoft.Network/loadBalancers/inboundNatRules",
      "name": "[concat(variables('lbName'), '/', variables('natRuleNamePrefix'), copyIndex())]",
      "apiVersion": "[variables('networkAPIVersion')]",
      "location": "[resourceGroup().location]",
      "copy": {
        "name": "lbNatLoop",
        "count": "[parameters('vmCount')]"
      },
      "dependsOn": [
        "[variables('lbName')]"
      ],
      "properties": {
        "frontendIPConfiguration": {
          "id": "[variables('frontEndIPConfigId')]"
        },
        "protocol": "Tcp",
        "frontendPort": "[copyIndex(33890)]",
        "backendPort": "3389",
        "enableFloatingIP": false
      }
    },
    {
      "type": "Microsoft.Compute/virtualMachines",
      "name": "[concat(parameters('vmNamePrefix'), copyindex())]",
      "apiVersion": "[variables('computeApiVersion')]",
      "copy": {
        "name": "virtualMachineLoop",
        "count": "[parameters('vmCount')]"
      },
      "location": "[resourceGroup().location]",
      "dependsOn": [
        "nicLoop",
        "[concat('Microsoft.Compute/availabilitySets/', variables('availabilitySetName'))]"
      ],
      "properties": {
        "availabilitySet": {
          "id": "[resourceId('Microsoft.Compute/availabilitySets',variables('availabilitySetName'))]"
        },
        "hardwareProfile": {
          "vmSize": "[parameters('vmSize')]"
        },
        "osProfile": {
          "computerName": "[concat(parameters('vmNamePrefix'), copyIndex())]",
          "adminUsername": "[parameters('adminUsername')]",
          "adminPassword": "[parameters('adminPassword')]"
        },
        "storageProfile": {
          "imageReference": "[variables('windowsImage')]",
          "osDisk": {
            "createOption": "FromImage",
            "managedDisk": {
              "storageAccountType": "[parameters('diskType')]"
            }
          }
        },
        "networkProfile": {
          "networkInterfaces": [
            {
              "id": "[resourceId('Microsoft.Network/networkInterfaces',concat(parameters('nicNamePrefix'),copyindex()))]"
            }
          ]
        },
        "diagnosticsProfile": {
          "bootDiagnostics": {
            "enabled": true,
            "storageUri": "[reference(resourceId('Microsoft.Storage/storageAccounts/', variables('storageAccountName'))).primaryEndpoints.blob]"
          }
        }
      }
    },
    {
      "type": "Microsoft.Compute/virtualMachines/extensions",
      "name": "[concat(parameters('vmNamePrefix'), copyindex(), '/', variables('vmExtensionName'))]",
      "apiVersion": "[variables('computeApiVersion')]",
      "location": "[resourceGroup().location]",
      "copy": {
        "name": "virtualMachineLoop",
        "count": "[parameters('vmCount')]"
      },
      "dependsOn": [
        "[concat('Microsoft.Compute/virtualMachines/', parameters('vmNamePrefix'), copyindex())]"
      ],
      "properties": {
        "publisher": "Microsoft.Compute",
        "type": "CustomScriptExtension",
        "typeHandlerVersion": "1.7",
        "autoUpgradeMinorVersion": true,
        "settings": {
          "commandToExecute": "powershell.exe Install-WindowsFeature -name Web-Server -IncludeManagementTools && powershell.exe remove-item 'C:\\inetpub\\wwwroot\\iisstart.htm' && powershell.exe Add-Content -Path 'C:\\inetpub\\wwwroot\\iisstart.htm' -Value $('Hello World from ' + $env:computername)"
        }
      }
    }
  ]
}