{
  "$schema": "https://schema.management.azure.com/schemas/2018-05-01/subscriptionDeploymentTemplate.json#",
  "contentVersion": "1.0.0.0",
  "parameters": {
    "rgName": {
      "type": "string"
    },
    "rgLocation": {
      "type": "string",
      "allowedValues": [
        "eastus",
        "eastus2",
        "centralus",
        "westus2",
        "francecentral",
        "northeurope",
        "uksouth",
        "westeurope",
        "japaneast",
        "southeastasia"
      ],
      "defaultValue": "eastus",
      "metadata": {
        "description": "Azure region which supports availability zones"
      }
    }
  },
  "variables": {},
  "resources": [
    {
      "type": "Microsoft.Resources/resourceGroups",
      "apiVersion": "2018-05-01",
      "name": "[parameters('rgName')]",
      "location": "[parameters('rgLocation')]",
      "properties": {}
    }
  ],
  "outputs": {}
}