{
  "$schema": "https://schema.management.azure.com/schemas/2019-04-01/deploymentTemplate.json#",
  "contentVersion": "1.0.0.0",
  "parameters": {
    "vmNamePrefix": {
      "type": "string",
      "defaultValue": "az30301b-vm",
      "metadata": {
        "description": "VM name prefix"
      }
    },
    "adminUsername": {
      "type": "string",
      "metadata": {
        "description": "Windows admin username"
      }
    },
    "adminPassword": {
      "type": "securestring",
      "metadata": {
        "description": "Windows admin password"
      }
    },
    "vmCount": {
      "type": "int",
      "defaultValue": 2,
      "minValue": 1,
      "maxValue": 3,
      "metadata": {
        "description": "Number of VMs to provision"
      }
    },
    "vmSize": {
      "type": "string",
      "defaultValue": "Standard_D2s_v3",
      "metadata": {
        "description": "VM size"
      }
    },
    "diskType": {
      "type": "string",
      "defaultValue": "Standard_LRS",
      "allowedValues": [
        "StandardSSD_LRS",
        "Standard_LRS",
        "Premium_LRS"
      ],
      "metadata": {
        "description": "disk storage type"
      }
    }
  },
  "variables": {
    "nicNamePrefix": "az30301b-nic",
    "subnet0Name": "web",
    "pipName": "az30301b-pip",
    "vnetName": "az30301b-vnet",
    "webNetworkSecurityGroupName": "az30301b-web-nsg",
    "lbName": "az30301b-lb",
    "subnetRef": "[resourceId('Microsoft.Network/virtualNetworks/subnets/', variables('vnetName'), variables('subnet0Name'))]",
    "lbId": "[resourceId('Microsoft.Network/loadBalancers', variables('lbName'))]",
    "frontEndIPConfigId": "[concat(variables('lbId'), '/frontendIPConfigurations/loadBalancerFrontend')]",
    "natruleNamePrefix": "[concat(variables('nicNamePrefix'), '-rdp-')]",
    "lbbepoolname": "az30301b-bepool",
    "lbrule1name": "az303001b-lbruletcp80",
    "lbProbeName": "az30301b-hp",
    "storageAccountName": "[concat('az30001b', uniqueString(subscription().subscriptionId))]",
    "storageAccountType": "Standard_LRS",
    "vmExtensionName": "customScriptExtension",
    "windowsImage": {
      "publisher": "MicrosoftWindowsServer",
      "offer": "WindowsServer",
      "sku": "2019-Datacenter-Core",
      "version": "latest"
    },
    "computeAPIVersion": "2019-07-01",
    "networkAPIVersion": "2019-11-01",
    "storageAPIVersion": "2019-06-01"
  },
  "resources": [
    {
      "type": "Microsoft.Storage/storageAccounts",
      "name": "[variables('storageAccountName')]",
      "apiVersion": "[variables('storageAPIVersion')]",
      "location": "[resourceGroup().location]",
      "sku": {
        "name": "Standard_LRS"
      },
      "kind": "Storage",
      "properties": {}
    },
    {
      "type": "Microsoft.Network/publicIPAddresses",
      "name": "[variables('pipName')]",
      "apiVersion": "[variables('networkAPIVersion')]",
      "location": "[resourceGroup().location]",
      "sku": {
        "name": "Standard"
      },
      "properties": {
        "publicIPAllocationMethod": "Static"
      }
    },
    {
      "type": "Microsoft.Network/networkSecurityGroups",
      "name": "[variables('webNetworkSecurityGroupName')]",
      "apiVersion": "[variables('networkAPIVersion')]",
      "location": "[resourceGroup().location]",
      "properties": {
        "securityRules": [
          {
            "name": "custom-allow-rdp",
            "properties": {
              "priority": 1000,
              "sourceAddressPrefix": "*",
              "protocol": "Tcp",
              "destinationPortRange": "3389",
              "access": "Allow",
              "direction": "Inbound",
              "sourcePortRange": "*",
              "destinationAddressPrefix": "*"
            }
          },
          {
            "name": "custom-allow-http",
            "properties": {
              "priority": 1100,
              "sourceAddressPrefix": "*",
              "protocol": "Tcp",
              "destinationPortRange": "80",
              "access": "Allow",
              "direction": "Inbound",
              "sourcePortRange": "*",
              "destinationAddressPrefix": "*"
            }
          }
        ]
      }
    },
    {
      "type": "Microsoft.Network/virtualNetworks",
      "name": "[variables('vnetName')]",
      "apiVersion": "[variables('networkAPIVersion')]",
      "location": "[resourceGroup().location]",
      "dependsOn": [
        "[variables('webNetworkSecurityGroupName')]"
      ],
      "properties": {
        "addressSpace": {
          "addressPrefixes": [
            "10.2.0.0/22"
          ]
        },
        "subnets": [
          {
            "name": "[variables('subnet0Name')]",
            "properties": {
              "addressPrefix": "10.2.0.0/24",
              "networkSecurityGroup": {
                "id": "[resourceId('Microsoft.Network/networkSecurityGroups', variables('webNetworkSecurityGroupName'))]"
              }
            }
          }
        ]
      }
    },
    {
      "type": "Microsoft.Network/networkInterfaces",
      "name": "[concat(variables('nicNamePrefix'), copyindex())]",
      "apiVersion": "[variables('networkAPIVersion')]",
      "location": "[resourceGroup().location]",
      "copy": {
        "name": "nicLoop",
        "count": "[parameters('vmCount')]"
      },
      "dependsOn": [
        "[variables('vnetName')]",
        "[variables('lbName')]",
        "lbNatLoop"
      ],
      "properties": {
        "ipConfigurations": [
          {
            "name": "ipconfig1",
            "properties": {
              "privateIPAllocationMethod": "Dynamic",
              "subnet": {
                "id": "[variables('subnetRef')]"
              },
              "loadBalancerBackendAddressPools": [
                {
                  "id": "[concat(variables('lbId'), '/backendAddressPools/', variables('lbbepoolname'))]"
                }
              ],
              "loadBalancerInboundNatRules": [
                {
                  "id": "[concat(variables('lbId'),'/inboundNatRules/', variables('natRuleNamePrefix'), copyindex())]"
                }
              ]
            }
          }
        ]
      }
    },
    {
      "apiVersion": "2017-08-01",
      "name": "[variables('lbName')]",
      "type": "Microsoft.Network/loadBalancers",
      "location": "[resourceGroup().location]",
      "sku": {
        "name": "Standard"
      },
      "dependsOn": [
        "[variables('pipName')]"
      ],
      "properties": {
        "frontendIPConfigurations": [
          {
            "name": "LoadBalancerFrontend",
            "properties": {
              "publicIPAddress": {
                "id": "[resourceId('Microsoft.Network/publicIPAddresses', variables('pipName'))]"
              }
            }
          }
        ],
        "backendAddressPools": [
          {
            "name": "[variables('lbbepoolname')]"
          }
        ],
        "loadbalancingRules": [
          {
            "name": "[variables('lbrule1name')]",
            "properties": {
              "frontendIPConfiguration": {
                "id": "[variables('frontEndIPConfigId')]"
              },
              "backendaddressPool": {
                "id": "[concat(resourceId('Microsoft.Network/loadBalancers', variables('lbname')), '/backendAddressPools/', variables('lbbepoolname'))]"
              },
              "protocol": "Tcp",
              "frontendPort": 80,
              "backendPort": 80,
              "probe": {
                "id": "[concat(resourceId('Microsoft.Network/loadBalancers', variables('lbname')), '/probes/', variables('lbProbeName'))]"
              }
            }
          }
        ],
        "probes": [
          {
            "name": "[variables('lbprobename')]",
            "properties": {
              "protocol": "Tcp",
              "port": 80,
              "intervalInSeconds": "5",
              "numberOfProbes": "2"
            }
          }
        ]
      }
    },
    {
      "type": "Microsoft.Network/loadBalancers/inboundNatRules",
      "name": "[concat(variables('lbName'), '/', variables('natRuleNamePrefix'), copyIndex())]",
      "apiVersion": "[variables('networkAPIVersion')]",
      "location": "[resourceGroup().location]",
      "copy": {
        "name": "lbNatLoop",
        "count": "[parameters('vmCount')]"
      },
      "dependsOn": [
        "[variables('lbName')]"
      ],
      "properties": {
        "frontendIPConfiguration": {
          "id": "[variables('frontEndIPConfigId')]"
        },
        "protocol": "Tcp",
        "frontendPort": "[copyIndex(33890)]",
        "backendPort": "3389",
        "enableFloatingIP": false
      }
    },
    {
      "type": "Microsoft.Compute/virtualMachines",
      "name": "[concat(parameters('vmNamePrefix'), copyindex())]",
      "apiVersion": "[variables('computeApiVersion')]",
      "zones": "[split(string(add(mod(copyIndex(),3),1)), ',')]",
      "copy": {
        "name": "virtualMachineLoop",
        "count": "[parameters('vmCount')]"
      },
      "location": "[resourceGroup().location]",
      "dependsOn": [
        "nicLoop"
      ],
      "properties": {
        "hardwareProfile": {
          "vmSize": "[parameters('vmSize')]"
        },
        "osProfile": {
          "computerName": "[concat(parameters('vmNamePrefix'), copyIndex())]",
          "adminUsername": "[parameters('adminUsername')]",
          "adminPassword": "[parameters('adminPassword')]"
        },
        "storageProfile": {
          "imageReference": "[variables('windowsImage')]",
          "osDisk": {
            "createOption": "FromImage",
            "managedDisk": {
              "storageAccountType": "[parameters('diskType')]"
            }
          }
        },
        "networkProfile": {
          "networkInterfaces": [
            {
              "id": "[resourceId('Microsoft.Network/networkInterfaces',concat(variables('nicNamePrefix'),copyindex()))]"
            }
          ]
        },
        "diagnosticsProfile": {
          "bootDiagnostics": {
            "enabled": true,
            "storageUri": "[reference(resourceId('Microsoft.Storage/storageAccounts/', variables('storageAccountName'))).primaryEndpoints.blob]"
          }
        }
      }
    },
    {
      "type": "Microsoft.Compute/virtualMachines/extensions",
      "name": "[concat(parameters('vmNamePrefix'), copyindex(), '/', variables('vmExtensionName'))]",
      "apiVersion": "[variables('computeApiVersion')]",
      "location": "[resourceGroup().location]",
      "copy": {
        "name": "virtualMachineLoop",
        "count": "[parameters('vmCount')]"
      },
      "dependsOn": [
        "[concat('Microsoft.Compute/virtualMachines/', parameters('vmNamePrefix'), copyindex())]"
      ],
      "properties": {
        "publisher": "Microsoft.Compute",
        "type": "CustomScriptExtension",
        "typeHandlerVersion": "1.7",
        "autoUpgradeMinorVersion": true,
        "settings": {
          "commandToExecute": "powershell.exe Install-WindowsFeature -name Web-Server -IncludeManagementTools && powershell.exe remove-item 'C:\\inetpub\\wwwroot\\iisstart.htm' && powershell.exe Add-Content -Path 'C:\\inetpub\\wwwroot\\iisstart.htm' -Value $('Hello World from ' + $env:computername)"
        }
      }
    }
  ]
}